Title,Description,Link
Must Read - DAWN.COM,,https://www.dawn.com//must-read
News stories for Images Staff - DAWN.COM,,https://www.dawn.com/authors/5777/images-staff
"Russians simply walked in, Ukraine troops in Kharkiv tell BBC",The BBC's Jonathan Beale meets front-line soldiers battling Russia's new incursion in north-east Ukraine.,https://www.bbc.com//news/articles/c72p0xx410xo
Domestic tourism soars in China but foreigners stay away,Foreign visitor numbers are sharply down amid concerns about the political environment.,https://www.bbc.com//news/world-asia-china-68982645
Keeping your info safe and sound,We take your privacy very seriously. And so should you.,https://www.bbc.com/usingthebbc/privacy/
BBC Travel | Destinations | Central America,BBC Travel brings you the latest articles and guides to Central America,https://www.bbc.com//travel/destinations/central-america
Wales Politics | Latest News & Updates | BBC News,"Get all the latest news, live updates and content about Welsh Politics from across the BBC.",https://www.bbc.com//news/wales/wales_politics
May 9 | Military Courts Pakistan: What About The Prisoners? | Rida Hosein | Dawn News English - YouTube,"A YEAR since the events of May 9, 2023, what has changed? Rida Hosein takes a deep dive into laws enforced. -------------------------------------------------...",https://www.youtube.com/watch?v=ZKNxVl6yFyc
How Israel's Killer Robots In Gaza Are Redefining Automated Warfare? | Dawn News English - YouTube,"Join Shahzeb Jillani on the 'Spotlight Show' as he sits down with human rights lawyer Ousman Noor from 'The Civilian Agenda (CSO), who was sacked for speakin...",https://www.youtube.com/watch?v=ax6GtKBV4o4
News stories for Abbas Nasir - DAWN.COM,,https://www.dawn.com/authors/112/abbas-nasir
BBC Earth | Sustainable Business,BBC Earth brings you the latest Sustainable Business coverage from around the world,https://www.bbc.com//future-planet/sustainable-business
News stories for Muhammad Amir Rana - DAWN.COM,,https://www.dawn.com/authors/363/muhammad-amir-rana
BBC Travel | Destinations | Middle East,BBC Travel brings you the latest articles and guides to the Middle East,https://www.bbc.com//travel/destinations/middle-east
A solution for working parents who want to travel,The Travelling Village is an ambitious new experiment uniting 19 digital nomad families for a four-month co-living and co-travelling journey across the world.,https://www.bbc.com//travel/article/20240508-a-solution-for-working-parents-who-want-to-travel
Payment - DAWN.COM,,https://www.dawn.com//subscription
Essex architect first woman to complete double desert marathon event,"Philippa Morris says she went from ""complete isolation"" to people congratulating her.",https://www.bbc.com//news/articles/c51n40vp800o
Home - DAWN.COM,,https://www.dawn.com/
Tech - DAWN.COM,,https://www.dawn.com//tech
Asia News Network - Bringing Asia CloserAsia News Network â€“ Bringing Asia Closer,,https://asianews.network/
Prism - DAWN.COM,,https://www.dawn.com//prism
An inclusive judiciary - Pakistan - DAWN.COM,"While the detailed deliberations of the JCP need not be made public, the reasons for selecting certain candidates for nomination must be disclosed.",https://www.dawn.com/news/1832831/an-inclusive-judiciary
A turbulent 2023 - Newspaper - DAWN.COM,"Govt must ensure judiciary's independence, respect for democratic processes, and protection for all citizens against abuse of power.",https://www.dawn.com/news/1832987/a-turbulent-2023
Contribution Guidelines - DAWN.COM - DAWN.COM,,https://www.dawn.com//contribution-guidelines
Sport - DAWN.COM,,https://www.dawn.com//sport
BBC Travel | Destinations | Antarctica,BBC Travel brings you the latest articles and guides to Antarctica,https://www.bbc.com//travel/destinations/antarctica
Kashmir: Why Modi's BJP is not fighting elections in the Himalayan region,This is the first general election since India ended the special status of Kashmir in 2019.,https://www.bbc.com//news/world-asia-india-68968593
Learn more about what we do,Everything you need to know about the workings of the BBC,https://www.bbc.co.uk/aboutthebbc
Terms - DAWN.COM - DAWN.COM,,https://www.dawn.com//terms
Sunak says it'll take time for people to feel better,"The prime minister says ""there is more work to do"" as the UK emerges from recession.",https://www.bbc.com//news/articles/cmm3gzz1dj3o
News stories for Umaid Wasim - DAWN.COM,,https://www.dawn.com/authors/943/umaid-wasim
Trends - Gaza invasion - DAWN.COM,,https://www.dawn.com/trends/gaza-invasion
News stories for Tariq Parvez - DAWN.COM,,https://www.dawn.com/authors/3134/tariq-parvez
BBC,,https://www.bbc.com/contact-bbc-com-help
Magazines - DAWN.COM,,https://www.dawn.com//magazines
Americans Are Upset Over US Supporting Violence Against Palestinians | Dawn News English - YouTube,Professor Elizabeth Hurd of Northwestern University sheds light on the Gaza encampment on Northwestern's campus. --------------------------------------------...,https://www.youtube.com/watch?v=2FbxyFxRHdM
Israel Gaza war | Latest News & Updates | BBC News,"Follow the latest news on the Israel Gaza war. Get live updates, maps, verified video reports and expert analysis from BBC journalists on the ground.",https://www.bbc.com//news/topics/c2vdnvdg6xxt
"BBC Advertising Sales Contact - Breaking News, World News, U.S. News, Sports, Business, Innovation, Climate, Culture, Travel, Video & Audio","Visit BBC for trusted reporting on the latest world and U.S. news, sports, business, climate, innovation, culture and much more.",https://www.bbc.com/advertisingcontact
The lethal troika - Newspaper - DAWN.COM,The situation necessitates a fundamental shift in the terrorist threat assessment in Pakistan.,https://www.dawn.com/news/1832832/the-lethal-troika
"Shein suppliers still working 75-hour weeks, report says",A Swiss pressure group says some staff at Shein suppliers are still working excessive overtime.,https://www.bbc.com//news/articles/cg67w73nxqxo
Spectacular Northern Lights stun UK,"A rare solar storm made the aurora borealis visible across the UK, including across the south.",https://www.bbc.com//news/articles/c1ej1kk0d88o
News stories for Shereen Karim - DAWN.COM,,https://www.dawn.com/authors/10965/shereen-karim
Africa | Latest News & Updates | BBC News,"Get all the latest news, live updates and content about Africa from across the BBC.",https://www.bbc.com//news/world/africa
News stories for Tariq Naqash - DAWN.COM,,https://www.dawn.com/authors/934/tariq-naqash
Entertainment & Arts | Latest News & Updates | BBC News,"Get all the latest news, live updates and content about Entertainment & Arts from across the BBC.",https://www.bbc.com//culture/entertainment-news
Stocks - Business - DAWN.COM,,https://www.dawn.com//stocks
Overflowing cups - Newspaper - DAWN.COM,"Earlier, there was value attached to things and a sensibility too.",https://www.dawn.com/news/1832979/overflowing-cups
"T20 World Cup 2024: Full squads including England, India & Australia - BBC Sport",Look at who each of the 20 teams involved in the 2024 Men's T20 World Cup have named in their squads.,https://www.bbc.com//sport/cricket/articles/cne93vemvreo
News stories for Reuters - DAWN.COM,,https://www.dawn.com/authors/422/reuters
African penguin: South African conservationists take legal action to save endangered species,"Every year there are fewer African penguins and soon there may be none at all, scientists warn.",https://www.bbc.com//news/articles/c4n104z0xklo
Situation in AJK calms down after 2 days of violent clashes - Pakistan - DAWN.COM,Rangers deployment withdrawn; JAAC leader open to negotiations with govt.,https://www.dawn.com/news/1833056/situation-in-ajk-calms-down-after-2-days-of-violent-clashes
BBC - Home,"The best of the BBC, with the latest news and sport headlines, weather, TV & radio highlights and much more from across the whole of BBC Online.",https://www.bbc.com//home
Latest - DAWN.COM,,https://www.dawn.com//latest-news
Young World -Magazines - DAWN.COM,,https://www.dawn.com//magazines/young-world
Dawn Classifieds,,http://classifieds.dawn.com/
Dawn - Official Mobile App - Apps on Google Play,The latest news from Pakistan and the world is at your fingertips.,https://play.google.com/store/apps/details?id=com.mictronicx.dawn
News stories for Somaiyah Hafeez - DAWN.COM,,https://www.dawn.com/authors/9361/somaiyah-hafeez
Opinion - DAWN.COM,,https://www.dawn.com//opinion
Is social media worth paying for?,"As Twitter and Facebook both now offer paid subscription, what impact is it having?",https://www.bbc.com//news/business-68977522
"BBC Innovation | Technology, Health, Environment, AI","BBC Innovation brings you the latest in Technology news and coverage from around the world, including health, environment, AI, and more",https://www.bbc.com//innovation
Guidance: Links and feeds - Editorial Guidelines,,https://www.bbc.co.uk/editorialguidelines/guidance/feeds-and-links
State Grid Anhui Electric Power Research Institute uses digital tools to prevent floods - Chinadaily.com.cn,,https://www.chinadaily.com.cn/a/202405/12/WS66400d88a31082fc043c69eb.html
Championship play-offs LIVE: Norwich City v Leeds United & West Brom v Southampton score & live text - BBC Sport,Follow live text & score updates as Norwich City face Leeds and West Brom take on Southampton in the Championship play-offs first leg fixtures.,https://www.bbc.com/sport/football/live/cxwv1ge7vp8t?src_origin=BBCS_BBC
BBC Travel | Destinations | Africa,BBC Travel brings you the latest articles and guides to Africa,https://www.bbc.com//travel/destinations/africa
A few rules for us and you - Using the BBC,We want everyone to enjoy the BBC. But there are a few rules to stick to.,https://www.bbc.co.uk/usingthebbc/terms
News stories for Neha Maqsood - DAWN.COM,,https://www.dawn.com/authors/9288/neha-maqsood
BBC Travel | Destinations | Asia,BBC Travel brings you the latest articles and guides to Asia,https://www.bbc.com//travel/destinations/asia
Asia | Latest News & Updates | BBC News,"Get all the latest news, live updates and content about Asia from across the BBC.",https://www.bbc.com//news/world/asia
"UK arms exports change would make Hamas stronger, says Cameron",The UK's foreign secretary has said there are no plans to copy the US and potentially stop some arms sales to Israel.,https://www.bbc.com//news/uk-68998809
BBC Earth | Green Living,BBC Earth brings you the latest Green Living coverage from around the world,https://www.bbc.com//future-planet/green-living
BBC Earth | Natural Wonders,BBC Earth brings you the latest coverage of Natural Wonders from around the world,https://www.bbc.com//future-planet/natural-wonders
DawnNews English - YouTube,"Infinite News. Instant Insight. 

Dawn News English - your window into the latest developments, and analysis from across the world. 

Official Facebook: https://www.facebook.com/dawndotcom/
Official Twitter: https://twitter.com/dawn_com 
Website: www.dawn.com
Official Instagram: https://www.instagram.com/dawnnewsenglish

#DawnNewsEnglish #latestnews #news #dawnnews #globalnews #southasia #pakistan #india #bangladesh #afghanistan #unitedstates #unitedkingdom #canada #america #europe #asia #china #russia #australia",https://www.youtube.com/c/DawnNewsEnglish
Education emergency - Newspaper - DAWN.COM,The current situation is the result of the choices that we have made and are still making.,https://www.dawn.com/news/1832621/education-emergency
News stories for Sajjad Hassan - DAWN.COM,,https://www.dawn.com/authors/11014/sajjad-hassan
BBC Culture | Books,BBC Culture brings you the latest books news and coverage from around the world,https://www.bbc.com//culture/books
In History Newsletter,,https://cloud.email.bbc.com/InHistory_newsletter_signup?&at_bbc_team=studios&at_medium=display&at_objective=acquisition&at_ptr_type=&at_ptr_name=bbc.comhp&at_format=Module&at_link_origin=homepage&at_campaign=inhistory&at_campaign_type=owned
Marketing - DAWN.COM - DAWN.COM,,https://www.dawn.com//marketing
BBC Live & Breaking World and U.S. News,Live News journalism from around the world,https://www.bbc.com//live/news
BBC Travel | Destinations | Europe,BBC Travel brings you the latest articles and guides to Europe,https://www.bbc.com//travel/destinations/europe
Footprints: the day the city of Karachi went berserk - Newspaper - DAWN.COM,KARACHI: Attempt after attempt fails to elicit comments from direct witnesses to the carnage that took place in...,https://www.dawn.com/news/1332592
BBC Travel | Worlds Table,"BBC Travel Worlds Table series is changing the way the world thinks about food, through the past, present and future.",https://www.bbc.com//travel/worlds-table
"UK ban on selling arms to Israel would strengthen Hamas, says Cameron",Foreign Secretary David Cameron tells the BBC the UK should focus on getting humanitarian aid into Gaza.,https://www.bbc.com//news/uk-politics-68999212
The ingenious wines birthed from black volcanic craters,"In Spain's Lanzarote Island, conical hollows built into layers of volcanic ash yield wines that have been created from generations of ingenuity and hard work.",https://www.bbc.com//travel/article/20240418-the-ingenious-wines-birthed-from-black-volcanic-craters
Roger Corman: The Little Shop of Horrors cult B-movie director dies aged 98 - BBC News,"Jack Nicholson, Charles Bronson and Robert De Niro were some of the actors whose careers he helped develop.",https://www.bbc.com//news/entertainment-arts-17127556
Archive - DAWN.COM,,https://www.dawn.com//newspaper
Home - Images,,https://images.dawn.com
BBC Earth | Climate Solutions,BBC Earth brings you the latest Climate solutions coverage from around the world,https://www.bbc.com//future-planet/solutions
US Election Unspun,,https://cloud.email.bbc.com/US_Election_Unspun_newsletter_signup?&at_bbc_team=studios&at_medium=display&at_objective=acquisition&at_ptr_type=&at_ptr_name=bbc.comhp&at_format=Module&at_link_origin=homepage&at_campaign=uselectionunspun&at_campaign_type=owned
Hope after defeat - Newspaper - DAWN.COM,"ON Saturday, having fallen behind Japan in the first quarter of the Sultan Azlan Shah Cup final, Pakistan showed...",https://www.dawn.com/news/1832984/hope-after-defeat
BBC Travel | Adventures,BBC Travel brings you the latest Adventure Travel coverage from around the world,https://www.bbc.com//travel/adventures
Latin America | Latest News & Updates | BBC News,"Get all the latest news, live updates and content about Latin America from across the BBC.",https://www.bbc.com//news/world/latin_america
"Australia tries to stop a violence against women 'epidemic', starting with schools","As the nation reels from the Bondi Junction stabbings, what can be done to shift behaviour?",https://www.bbc.com//news/world-australia-68989354
Home - DAWN.COM,,https://www.dawn.com
What to expect from Michael Cohen at Trump's hush-money trial,"The BBC's Nada Tawfik looks ahead to Monday, when Donald Trump's former lawyer witll take the stand.",https://www.bbc.com//news/world-us-canada-68987628
Alok Shukla wins prize for Hasdeo Aranya forest campaign,Alok Shukla has spent years fighting to protect a key Indian forest from mining companies.,https://www.bbc.com//news/articles/cyxepvdewkno
Novak Djokovic out of Italian open after defeat by Alejandro Tabilo - BBC Sport,World number one Novak Djokovic is out of the Italian Open after losing to Chile's Alejandro Tabilo in straight sets.,https://www.bbc.com//sport/tennis/articles/c51n4jej3g7o
Wales | Latest News & Updates | BBC News,"Get all the latest news, live updates and content about Wales from across the BBC.",https://www.bbc.com//news/wales
Editorial -Opinion - DAWN.COM,,https://www.dawn.com//newspaper/editorial
News stories for PYT - DAWN.COM,,https://www.dawn.com/authors/1734/pyt
How can I change my BBC cookie settings?,,https://www.bbc.com/usingthebbc/cookies/how-can-i-change-my-bbc-cookie-settings/
"No such thing as strategic state-owned enterprises, says Finance Minister Aurangzeb - Business - DAWN.COM","Says longer, larger IMF programme needed to bring ""permanence in macroeconomic stability and structural reforms"".",https://www.dawn.com/news/1833050/no-such-thing-as-strategic-state-owned-enterprises-says-finance-minister-aurangzeb
Technology of Business | Latest News & Updates | BBC News,"Get all the latest news, live updates and content about Technology of Business from across the BBC.",https://www.bbc.com//business/technology-of-business
US & Canada | Latest News & Updates | BBC News,"Get all the latest news, live updates and content about the US & Canada from across the BBC.",https://www.bbc.com//news/us-canada
News stories for Iftikhar A. Khan - DAWN.COM,,https://www.dawn.com/authors/262/iftikhar-a-khan
Ros Atkins on... How different countries protect children online,BBC Analysis editor Ros Atkins looks at what what is being done to prevent minors seeing harmful content.,https://www.bbc.com//news/technology-68994263
Test-at-home kit for cancer patients approved for use,Patients say the device allows them to reduce the number of hospital visits involved in cancer care.,https://www.bbc.com//news/technology-68972855
To draw or not to draw - Magazines - DAWN.COM,"Let's find out what Din Din, Delma and Dazel are up to this week.",https://www.dawn.com/news/1833048/to-draw-or-not-to-draw
News stories for Oliver Bown - DAWN.COM,,https://www.dawn.com/authors/11037/oliver-bown
BBC Travel | Destinations | South America,BBC Travel brings you the latest articles and guides to South America,https://www.bbc.com//travel/destinations/south-america
Live Updates: Elections 2024 - DAWN.COM,Live Updates: Elections 2024,https://www.dawn.com//live/elections-2024#1822561
BBC Innovation | Technology,BBC Innovation brings you the latest in Technology news and coverage from around the world,https://www.bbc.com//innovation/technology
BBC Verify | Latest News & Updates | BBC News,"Get all the latest news, live updates and content about BBC Verify from across the BBC.",https://www.bbc.com//news/reality_check
China is still harassing dissidents who fled in the 1990s,"Yan Xiong escaped from China in 1992, but he and other dissidents are still being targeted by Beijing.",https://www.bbc.com//news/articles/crgy7xypwj8o
Politics | Latest News & Updates | BBC News,"Get all the latest news, live updates and content about Politics from across the BBC.",https://www.bbc.com//news/politics
Canada arrests fourth Indian national in killing of Sikh activist - World - DAWN.COM,The Indian national was already being held for unrelated gun charges.,https://www.dawn.com/news/1833042/canada-arrests-fourth-indian-national-in-killing-of-sikh-activist
Street safety - Newspaper - DAWN.COM,Traditional policing methods may result in faulty investigations.,https://www.dawn.com/news/1832830/street-safety
How crops are being disaster-proofed,Scientists are creating hardier crops by cross-breeding wild varities and tweaking crop genes.,https://www.bbc.com//news/articles/c99z7wwq1lgo
News stories for Uzair M. Younus - DAWN.COM,,https://www.dawn.com/authors/5119/uzair-m-younus
The photographer capturing 'stranger portraits',"Mitchel Lucas' videos of ""strangers"" in Bristol has proven a hit on TikTok.",https://www.bbc.com//news/articles/cv2j18le9e3o
BBC Weather - Home,"Latest weather conditions and forecasts for the UK and the world. Includes up to 14-days of hourly forecast information, warnings, maps, and the latest editorial analysis and videos from the BBC Weather Centre.",https://www.bbc.com/weather
Popular - DAWN.COM,,https://www.dawn.com//popular
Live Updates: Elections 2024 - DAWN.COM,Live Updates: Elections 2024,https://www.dawn.com//live/elections-2024#1822564
BBC Earth | Weather & Science,BBC Earth brings you the latest Weather and Science solutions coverage from around the world,https://www.bbc.com//future-planet/weather-science
Home - Aurora,,https://aurora.dawn.com
Why Are Israel And Its Western Allies On The Edge Over ICC Arrest Warrants? | Dawn News English - YouTube,"In the Palestinian territory it controls, Israel has often been accused of acting without consequence, backed by support from the United States and the broad...",https://www.youtube.com/watch?v=368pk1LtbvY
World - DAWN.COM,,https://www.dawn.com//world
How Kendrick Lamar and Drake changed rap beefs forever,Rapid-fire releases and fast pace of modern life elevate diss war to levels unparalleled in hip-hop history.,https://www.bbc.com//news/world-us-canada-68993672
Tunisia lawyer Sonia Dahmani arrested during live broadcast,There has been growing criticism on the restrictions on free speech under President Kais Saied.,https://www.bbc.com//news/articles/c4n1jwel080o
The Agrarian Thespian - People - Aurora,Shahrezad Samiuddin profiles farmer and actor Samiya Mumtaz.,https://aurora.dawn.com/news/1145109/the-agrarian-thespian
Marketing - DAWN.COM - DAWN.COM,,https://www.dawn.com/advertise
STYLE; ALL ABOUT MY MOTHER - Newspaper - DAWN.COM,"Their mutual passion for design binds Farah Talib Aziz and Maliha Aziz together, as does their love for each other.",https://www.dawn.com/news/1832575/style-all-about-my-mother
Who can rock the hybrid boat? - Pakistan - DAWN.COM,"If the chief was able to weather that storm then, he appears far more secure now.",https://www.dawn.com/news/1832983/who-can-rock-the-hybrid-boat
Packaging film sector on the rise - Business - DAWN.COM,"""Total local market size is Rs80-100bn, and we expect an annual growth of 7-8pc in flexible packaging films by food companies,"" IPAK CEO says.",https://www.dawn.com/news/1831798/packaging-film-sector-on-the-rise
From screens to streets: How Gen Z is disrupting the status quo and redefining activism - Prism - DAWN.COM,It's safe to say that the kids are doing just fine. It is the adults running the world that are the problem.,https://www.dawn.com/news/1829562/from-screens-to-streets-how-gen-z-is-disrupting-the-status-quo-and-redefining-activism
Dawn Relief for Floods - DAWN.COM,,https://www.dawnrelief.com/
News stories for Siham Basir - DAWN.COM,,https://www.dawn.com/authors/9236/siham-basir
Dawn Classifieds,,https://classifieds.dawn.com
Pakistan remain unbeaten in Azlan Shah Cup as match with New Zealand ends in tie - Sport - DAWN.COM,Will face leading Japan in the final at 5:30pm tomorrow; Information Minister Attaullah Tarar says team's achievements will be highlighted across all media.,https://www.dawn.com/news/1832670/pakistan-remain-unbeaten-in-azlan-shah-cup-as-match-with-new-zealand-ends-in-tie
A visit to one of Antarctica's stunning penguin colonies,Marc Cieslak finds out how gentoo penguins are adapting to a warming climate.,https://www.bbc.com//reel/video/p0hwrqms/a-visit-to-one-of-antarctica-s-stunning-penguin-colonies
Arvind Kejriwal: India court grants bail to Delhi leader,The Delhi chief minister was arrested in March in a corruption case - he denies the allegations.,https://www.bbc.com//news/world-asia-india-68767574
Israel orders Palestinians to evacuate from more areas of Rafah - World - DAWN.COM,Egypt refuses to coordinate with Israel on entry of aid from Rafah; 37 Palestinians killed in overnight strikes across Gaza Strip.,https://www.dawn.com/news/1832947/israel-orders-palestinians-to-evacuate-from-more-areas-of-rafah
The Essential List,,https://cloud.email.bbc.com/SignUp10_08?&at_bbc_team=studios&at_medium=display&at_objective=acquisition&at_ptr_type=&at_ptr_name=bbc.comhp&at_format=Module&at_link_origin=homepage&at_campaign=essentiallist&at_campaign_type=owned
BBC Travel | Destinations | Caribbean & Bermuda,BBC Travel brings you the latest articles and guides to the Caribbean & Bermuda,https://www.bbc.com//travel/destinations/caribbean
"BBC Business | Economy, Tech, AI, Work, Personal Finance, Market news","BBC Business brings you the latest in Business news and coverage from around the world, including tech, personal finance, companies, employment, the economy and more",https://www.bbc.com//business
Live Updates: Elections 2024 - DAWN.COM,Live Updates: Elections 2024,https://www.dawn.com//live/elections-2024#1822566
India Election 2024 | Lok Sabha Election latest news| BBC News,,https://www.bbc.com//news/topics/ce483qevngqt
BBC Culture | Film & TV,BBC Culture brings you the latest film & TV news and coverage from around the world,https://www.bbc.com//culture/film-tv
Weather - DAWN.COM - DAWN.COM,,https://www.dawn.com//weather
2024 Zambia-China Culture and Tourism Year kicks off in Beijing - Chinadaily.com.cn,,https://www.chinadaily.com.cn/a/202405/11/WS663f2b3ba31082fc043c6995.html
England | Latest News & Updates | BBC News,"Get all the latest news, live updates and content about England from across the BBC.",https://www.bbc.com//news/england
Home - Images,,https://www.dawn.com//entertainment
Djokovic bottle strike overshadows Rome Open cruise past Moutet - Sport - DAWN.COM,World number one Djokovic was left crouched on ground in agony as the bottle hit him as he was signing autographs.,https://www.dawn.com/news/1832945/djokovic-bottle-strike-overshadows-rome-open-cruise-past-moutet
Europe | Latest News & Updates | BBC News,"Get all the latest news, live updates and content about Europe from across the BBC.",https://www.bbc.com//news/world/europe
Watch Live TV - Dawnnews,,https://www.dawnnews.tv/watch-live
EOS -Magazines - DAWN.COM,,https://www.dawn.com//magazines/eos
Accessibility - BBC,,https://www.bbc.co.uk/accessibility/
Celebrity chef Alexandre Mazzia's favourite ways to enjoy Marseille during the Olympics and beyond,"Michelin-starred chef Alexandre Mazzia will be a torchbearer when the Paris 2024 Olympics kick off in his hometown of Marseille. Here is his guide to the city, from sunsets to seafood.",https://www.bbc.com//travel/article/20240508-celebrity-chef-alexandre-mazzias-favourite-ways-to-enjoy-marseille-during-the-olympics-and-beyond
BBC Culture | Music,BBC Culture brings you the latest music news and coverage from around the world,https://www.bbc.com//culture/music
Code of Ethics - DAWN.COM - DAWN.COM,,https://www.dawn.com//code-of-ethics
Scotland | Latest News & Updates | BBC News,"Get all the latest news, live updates and content about the Scotland from across the BBC.",https://www.bbc.com//news/scotland
Israel Gaza war: More Rafah evacuations as Israel steps up operations,The Israeli military tells thousands of Palestinians to leave the city as it expands its military operation.,https://www.bbc.com//news/articles/cer3mr09vzxo
Home - Dawnnews,,https://www.dawnnews.tv
"BBC Culture | Arts, Film & TV, Reviews, Books, Music, Style","BBC Culture brings you the latest in Arts and Culture news and coverage from around the world, including film and TV reviews, books, art, music, style and more",https://www.bbc.com//culture
Ukraine War | Latest News & Updates| BBC News,"Follow the latest news about the Russia Ukraine war. Find reports from the ground, verified videos, maps and expert analysis by BBC correspondents across the world.",https://www.bbc.com//news/war-in-ukraine
"BBC Sport - Scores, Fixtures, News - Live Sport","Sports news and live sports coverage including scores, results, video, audio and analysis on Football, F1, Cricket, Rugby Union and all other UK sports.",https://www.bbc.com//sport
In pictures: Top moments from Eurovision Song Contest 2024,"Skimpy costumes, wacky performances and furious flag-waving... it can only be Eurovision.",https://www.bbc.com//news/articles/cv2dy69jm6no
News stories for Khurram Husain - DAWN.COM,,https://www.dawn.com/authors/675/khurram-husain
Home - Dawnnews,,https://www.dawnnews.tv/
Home - DAWN Education Expo,,https://educationexpo.dawn.com
Thunderstorm weather warnings follow hottest day of the year,"If you like the sunshine enjoy it while you can, as rain and storms are set to return.",https://www.bbc.com//news/articles/cll451q4l55o
News stories for Zahoor - DAWN.COM,,https://www.dawn.com/authors/1521/zahoor
In pictures: Northern Lights dazzle around the world,"The aurora borealis was visible around the world on Friday night, stunning photographers everywhere.",https://www.bbc.com//news/in-pictures-68995685
Jarlath Burns: No changes to football championship during my term - GAA president - BBC Sport,GAA president Jarlath Burns says he will not be tinkering with the football championship structure during his three-year term.,https://www.bbc.com//sport/articles/c2e0jgl1me9o
The Dual Glass Ceiling - Blogs - Aurora,Overcoming gender and parental biases in tech and marketing.,https://aurora.dawn.com/news/1145113
Watch: Northern Lights captured glowing over Europe,"Time-lapse videos show swirls of green, pink and scarlet moving across and lighting up the night sky.",https://www.bbc.com//news/uk-68994265
Echoes of love - Newspaper - DAWN.COM,"Ever wonder why some guys are just great with everyone? It all starts at home! Exactly, mothers and sons share a...",https://www.dawn.com/news/1832758/echoes-of-love
Red squirrels: Island fights back invasion by their grey cousins,A conservationist is on a mission to keep a Welsh island a sanctuary for native red squirrels.,https://www.bbc.com//news/videos/cnl4nrl5qlro
Scotland Politics | Latest News & Updates | BBC News,"Get all the latest news, live updates and content about Scotland Politics from across the BBC.",https://www.bbc.com//news/scotland/scotland_politics
News stories for Aizaz Ahmad Chaudhry - DAWN.COM,,https://www.dawn.com/authors/9600/aizaz-ahmad-chaudhry
Russia blames Ukraine as Belgorod apartments collapse after blast,At least two people are said to have been killed after a section of a 10-storey block collapsed in Belgorod.,https://www.bbc.com//news/world-europe-68998913
Home - BBC News,"Visit BBC News for up-to-the-minute news, breaking news, video, audio and feature stories. BBC News provides trusted World and UK news as well as local and regional perspectives. Also entertainment, business, science, technology and health news.",https://www.bbc.com//news
News stories for Faisal Bari - DAWN.COM,,https://www.dawn.com/authors/568/faisal-bari
UAE hits out at Netanyahu for saying it may help run Gaza - World - DAWN.COM,"UAE refuses to be drawn into any plan aimed at providing cover for Israeli presence in Gaza, foreign minister says.",https://www.dawn.com/news/1832948/uae-hits-out-at-netanyahu-for-saying-it-may-help-run-gaza
Women's FA Cup final: Ella Toone opens the scoring with screamer - BBC Sport,Watch as Ella Toone scores a screamer to put Manchester United into the lead against Tottenham Hotspur in the Women's FA Cup final at Wembley.,https://www.bbc.com//sport/videos/c03drxzgr46o
Events - DAWN.COM - DAWN.COM,,https://www.dawn.com/events/supplements
Sponsor Content - DAWN.COM - DAWN.COM,,https://www.dawn.com/sponsor-content
Pakistan - DAWN.COM,,https://www.dawn.com//pakistan
BBC Culture | Style,BBC Culture brings you the latest style news and coverage from around the world,https://www.bbc.com//culture/style
Reproduction Copyrights - DAWN.COM - DAWN.COM,,https://www.dawn.com//reproduction-copyrights
Australia | Latest News & Updates | BBC News,"Get all the latest news, live updates and content about Australia from across the BBC.",https://www.bbc.com//news/world/australia
Malaysia football: Mystery attacks on players overshadow season start,"Three members of the national team suffer separate assaults, leaving police and fans baffled.",https://www.bbc.com//news/world-asia-68994876
BBC Live & Breaking World and U.S. Sport News,Live Sport journalism from around the world,https://www.bbc.com//live/sport
Northern Ireland | Latest News & Updates | BBC News,"Get all the latest news, live updates and content about Northern Ireland from across the BBC.",https://www.bbc.com//news/northern_ireland
THE GRAPEVINE - Newspaper - DAWN.COM,Indian playback singer Arijit Singh recently did a concert in Dubai. The venue was bursting at the seams,https://www.dawn.com/news/1832574/the-grapevine
"Fight till the last ball, PCB chief tells cricket team in Dublin - Sport - DAWN.COM",Says T20 cricket needs unique and aggressive approach.,https://www.dawn.com/news/1833052/fight-till-the-last-ball-pcb-chief-tells-cricket-team-in-dublin
BBC Innovation | Science & Health,BBC Innovation brings you the latest in Science and health news and coverage from around the world,https://www.bbc.com//innovation/science
Contact Home | Contact the BBC,,https://www.bbc.co.uk/contact
Northern Ireland Politics | Latest News & Updates | BBC News,"Get all the latest news, live updates and content about Northern Ireland Politics from across the BBC.",https://www.bbc.com//news/northern_ireland/northern_ireland_politics
Afghanistan: Hundreds feared dead in Baghlan and Takhar flooding,"More than 100 people are injured, according to officials, as torrents of water sweep through entire villages.",https://www.bbc.com//news/articles/c4n1wze72kdo
News stories for Muna Khan - DAWN.COM,,https://www.dawn.com/authors/1320/muna-khan
Business - DAWN.COM,,https://www.dawn.com//business
Incentivising Agri-Financing - Aurora,"Data and digitisation are creating conditions conducive to agricultural financing, writes Ammar H. Khan.",https://aurora.dawn.com/news/1145073/incentivising-agri-financing
"BBC Home - Breaking News, World News, US News, Sports, Business, Innovation, Climate, Culture, Travel, Video & Audio","Visit BBC for trusted reporting on the latest world and US news, sports, business, climate, innovation, culture and much more.",https://www.bbc.com/
Russian apartment block collapses explosion,"At least 17 people have been injured in Russia's city of Belgorod, near the border with Ukraine.",https://www.bbc.com//news/world-europe-68998812
BBC Video - World class video news and storytelling from around the world.,Watch some of the award winning video journalism and features from the BBC,https://www.bbc.com//video
BBC Live & Breaking World and U.S. News,Live journalism from around the world,https://www.bbc.com//live
BBC Travel | Destinations,BBC Travel brings you the latest Destination guides from around the world,https://www.bbc.com//travel/destinations
China | Latest News & Updates | BBC News,"Get all the latest news, live updates and content about China from across the BBC.",https://www.bbc.com//news/world/asia/china
Child marriages - Newspaper - DAWN.COM,Almost 19m girls in Pakistan are married before they turn 18.,https://www.dawn.com/news/1832829/child-marriages
Chang'e-6 is just the tip of China's ambitions for the Solar System,China's Chang'e-6 mission is intended to bring back lunar samples but is also a stepping stone to much more ambitious space exploration.,https://www.bbc.com//future/article/20240510-change-6-is-just-the-tip-of-chinas-space-ambitions
"SOUNDSCAPE: AND NOW, AI MUSIC - Newspaper - DAWN.COM",AI can now generate entire songs on demand. What does this mean for music as we know it?,https://www.dawn.com/news/1832572/soundscape-and-now-ai-music
Harry and Meghan visit Lagos school on final day of Nigeria tour,Prince Harry played basketball with a group of school students in Nigeria's most populated city.,https://www.bbc.com//news/world-africa-68999815
Ukraine: Hundreds flee Kharkiv area after Russian cross-border attack,Evacuations are under way in the Kharkiv area as fighting continues after Friday's surprise incursions.,https://www.bbc.com//news/world-europe-68994877
News stories for Maliha Rehman - DAWN.COM,,https://www.dawn.com/authors/1245/maliha-rehman
"BBC Home - Breaking News, World News, US News, Sports, Business, Innovation, Climate, Culture, Travel, Video & Audio","Visit BBC for trusted reporting on the latest world and US news, sports, business, climate, innovation, culture and much more.",https://www.bbc.com//
Virginia Commonwealth University students walk out of graduation,"Dozens of VCU grads left during Gov Glenn Youngkin's speech, in part over his comments on campus protests.",https://www.bbc.com//news/world-us-canada-68996066
UK exits recession with fastest growth in two years,The economy grew by a stronger than expected 0.6% in the first three months of the year.,https://www.bbc.com//news/business-68983741
BBC Culture | Art & Design,BBC Culture brings you the latest art and design news and coverage from around the world,https://www.bbc.com//culture/art
BBC Travel | Destinations | Australia and Pacific,BBC Travel brings you the latest articles and guides to Australia and Pacific,https://www.bbc.com//travel/destinations/australia-and-pacific
Nasa shows what it's like inside a black hole,A black hole is a region of space with such strong gravity not even light can escape.,https://www.bbc.com//news/science-environment-68991593
India | Latest News & Updates | BBC News,"Get all the latest news, live updates and content about India from across the BBC.",https://www.bbc.com//news/world/asia/india
Compunode,Advance Software and Publishing Solutions in EMEA and globally.,https://www.compunode.com/
Herald - Herald,,https://herald.dawn.com
Sudan conflict: Two children killed as bomb falls near Darfur hospital - MSF,The battle for control of the western city of El Fasher has intensified over the last few days.,https://www.bbc.com//news/articles/c51n5lppw8vo
Live Updates: Gaza invasion - DAWN.COM,Live Updates: Gaza invasion,https://www.dawn.com/live/gaza-invasion
Baftas TV Awards 2024 live: Stars line red carpet ahead of awards ceremony - BBC News,Nominees arrive at London's Royal Festival Hall for the biggest night in British television.,https://www.bbc.com/news/live/entertainment-arts-68979346?src_origin=BBCS_BBC
Smoking ban: Why are young people still taking up smoking?,Hundreds of young people in the UK take their first puff each day. Is that why a ban is planned?,https://www.bbc.com//news/health-68992772
Business & Finance -Newspaper - DAWN.COM,,https://www.dawn.com//newspaper/business-finance
Videos - DAWN.COM,,https://www.dawn.com//videos
BBC Innovation | Artificial Intelligence,BBC Innovation brings you the latest in Technology news and coverage from around the world,https://www.bbc.com//innovation/artificial-intelligence
Comments Policy - DAWN.COM - DAWN.COM,,https://www.dawn.com//comments-policy
"Thousands told to evacuate due to British Columbia, Canada wildfire","Fort McMurray residents in neighbouring Alberta, Canada are also under an evacuation alert due to a blaze.",https://www.bbc.com//news/world-us-canada-68996062
Israeli ambassador shreds UN charter with tiny shredder,Gilad Erdan condemned the passing of a resolution enhancing Palestine's rights within the organisation.,https://www.bbc.com//news/world-us-canada-68994032
News stories for Reema Omer - DAWN.COM,,https://www.dawn.com/authors/815/reema-omer
BBC Travel | Destinations | North America,BBC Travel brings you the latest articles and guides to North America,https://www.bbc.com//travel/destinations/north-america
Djokovic greets fans with a helmet after being hit by bottle,The tennis player was accidentally struck in the head with a hard bottle that fell from a fan's backpack.,https://www.bbc.com//news/world-europe-68994908
Trump trial fans show up for 'spectacle' and 'to witness history',Dozens stand in line in the early morning for a glimpse at the first criminal trial of a former US president.,https://www.bbc.com//news/world-us-canada-68991796
BBC Business | Future of Business,"BBC Business brings you the latest news and coverage exploring the future of business from around the world, from digital disruption to the landscape of business advancement, growth, and sustainability",https://www.bbc.com//business/future-of-business
News stories for Sahar Bandial - DAWN.COM,,https://www.dawn.com/authors/5582/sahar-bandial
Privacy - DAWN.COM - DAWN.COM,,https://www.dawn.com//privacy
News stories for AFP - DAWN.COM,,https://www.dawn.com/authors/119/afp
"Cartoon: 12 May, 2024 - Newspaper - DAWN.COM",,https://www.dawn.com/news/1832985/cartoon-12-may-2024
ICON -Magazines - DAWN.COM,,https://www.dawn.com//magazines/icon
News stories for Jamil Nagri - DAWN.COM,,https://www.dawn.com/authors/2617/jamil-nagri
A turbulent 2023 - Newspaper - DAWN.COM,"Govt must ensure judiciary's independence, respect for democratic processes, and protection for all citizens against abuse of power.",https://www.dawn.com/news/1832987
Prayers Timings - DAWN.COM,,https://www.dawn.com//prayers-timings
A moral victory - Newspaper - DAWN.COM,AS the UN General Assembly overwhelmingly voted on Friday in favour of granting Palestine greater rights at the...,https://www.dawn.com/news/1832986/a-moral-victory
Middle East | Latest News & Updates | BBC News,"Get all the latest news, live updates and content about the Middle East from across the BBC.",https://www.bbc.com//news/world/middle_east
BBC Sounds - Music. Radio. Podcasts,"Listen without limits, with BBC Sounds. Catch the latest music tracks, discover binge-worthy podcasts, or listen to radio shows - all whenever you want.",https://www.bbc.co.uk/sounds?src_origin=BBCS_BBC
Fistula and child marriages: The two epidemics plaguing women in Gilgit-Baltistan - Pakistan - DAWN.COM,"Seema's battle with fistula unveils the tragedy of early marriage, urging society to confront the intertwined dangers of child marriage and women's health crises.",https://www.dawn.com/news/1823323/fistula-and-child-marriages-the-two-epidemics-plaguing-women-in-gilgit-baltistan
News stories for Mohammad Ali Babakhel - DAWN.COM,,https://www.dawn.com/authors/2112/mohammad-ali-babakhel
BBC Travel | Culture & Experiences,BBC Travel brings you the latest Culture & Experiences coverage from around the world,https://www.bbc.com//travel/cultural-experiences
"Ghana, Nigeria and the quest for UK looted treasure",Artefacts looted by the British in the colonial era are now  back in Ghana and are on public view.,https://www.bbc.com//news/articles/cd1353v5p5xo
"BBC Travel | Food & drink, History, Destinations, Road trips","BBC Travel brings you the latest travel news and coverage from around the world, including culture, identity, food & drink, sustainability, adventure, experiences, destinations and more",https://www.bbc.com//travel
Sponsor Content - DAWN.COM - DAWN.COM,,https://www.dawn.com//sponsor-content
News stories for Nadir Guramani - DAWN.COM,,https://www.dawn.com/authors/9835/nadir-guramani
In Pictures | Latest News & Updates | BBC News,"Get all the latest news, live updates and content about In Pictures from across the BBC.",https://www.bbc.com//news/in_pictures
Sydney's tree wars: Greed and harbour views fuel vandalism,"Hundreds of trees have recently been killed, conveniently exposing multi-million dollar views.",https://www.bbc.com//news/world-australia-68871869
Govt hints at raising wheat purchase target - Pakistan - DAWN.COM,"Drive to buy 400,000 tonnes of grain kicks off; farmers want wheat procured from across Punjab; Kissan leader urges govt to ensure official rate of staple.",https://www.dawn.com/news/1832980/govt-hints-at-raising-wheat-purchase-target
Teeli - YouTube,"Web series, comedy sketches and social satire for South Asia's youth.",https://www.youtube.com/channel/UCkMdI0K-74jAjOmh5J5H97Q
Brazil floods drive thousands from their homes,"Heavy rains wreak havoc in southern Brazil, leaving many homeless and raising fears of further chaos.",https://www.bbc.com//news/world-latin-america-68979430
Onus on US to stop Gaza conflict and grant Palestine full UN membership - Opinion - Chinadaily.com.cn,,https://www.chinadaily.com.cn/a/202405/11/WS663f1a07a31082fc043c696d.html
UK | Latest News & Updates | BBC News,"Get all the latest news, live updates and content about the UK from across the BBC.",https://www.bbc.com//news/uk
Man who received first pig kidney transplant dies aged 62,The US hospital which carried out the operation said Rick Slayman's death was not a result of the transplant.,https://www.bbc.com//news/articles/c4n1l9g2wn9o
Contact - DAWN.COM - DAWN.COM,,https://www.dawn.com//contact
Dawn Obituaries - Book Dawn Newspaper Obituary Online,,https://obituary.dawn.com
"Men must take the lead in standing up against sexual harassment, says Hamza Ali Abbasi - Celebrity - Images",Actor holds men accountable for perpetuating a culture of silence and complicity that has helped normalise harassment.,https://images.dawn.com/news/1192429/men-must-take-the-lead-in-standing-up-against-sexual-harassment-says-hamza-ali-abbasi
BBC Travel | The SpecialList,The SpecialList series helps you see the world through the eyes of local experts and tastemakers in guides to the most popular and emerging destinations across the globe,https://www.bbc.com//travel/specialist
Australia commits to gas beyond 2050 despite climate warnings,The policy comes despite global calls to drastically phase out fossil fuels to reach climate targets.,https://www.bbc.com//news/articles/cjq5gky4e5no
Foreign Office investigates Hamas claim British-Israeli hostage killed in Gaza,"British-Israeli Nadav Popplewell, 51, died of wounds sustained weeks ago, the Palestinian group claims.",https://www.bbc.com//news/world-middle-east-68998654
CityFM89,,https://cityfm89.com
"From Ancient Egypt to Roman Britain, brewers are reviving beers from the past","Beer archaeologists are peering back millennia to recreate brews from ancient Egypt, Greece and Rome using ancient methods and ingredients.",https://www.bbc.com//travel/article/20240426-from-ancient-egypt-to-roman-britain-brewers-are-reviving-beers-from-the-past
Eurovision 2024: Switzerland's Nemo wins as UK comes 18th,Nemo becomes the first non-binary artist to win Eurovision with their song The Code.,https://www.bbc.com//news/articles/c03drw23zewo
Documentary on Dr Aafia Siddiqui launched in Karachi - Pakistan - DAWN.COM,"Sheds light on various aspects of Dr Aafia's life; from her birth, education, and marriage to her kidnapping in Karachi and confinement in a notorious US prison.",https://www.dawn.com/news/1832958/documentary-on-dr-aafia-siddiqui-launched-in-karachi
News stories for Mashael Shah - DAWN.COM,,https://www.dawn.com/authors/10857/mashael-shah
"Dawn-ePaper | May 12, 2024 | Page Front Page",,https://epaper.dawn.com
